<?xml version="1.1" encoding="UTF-8" standalone="yes"?>
<addon id="plugin.video.jiffytv"
       name="Jiffy TV"
       version="1.3"
       provider-name="Jiffy TV">
  <requires>
    <import addon="xbmc.python" version="2.1.0"/>
	<import addon="script.module.requests" />
	<import addon="script.module.metahandler"/>
  </requires>
  <extension point="xbmc.python.pluginsource"
            library="default.py">
        <provides>video</provides>
  </extension>
  <extension point="xbmc.addon.metadata">
    <summary lang="en">Jiffy TV</summary>
    <language>en</language>
    <description lang="en">Jiffy TV Official Addon - Supplier of Great Quality and Stable Streams</description>
     <platform>all</platform>
  </extension>
</addon>
