<?xml version="1.1" encoding="UTF-8" standalone="yes"?>
<addon id="plugin.video.nathogold"
       name="NS Gold Sub"
       version="1.3"
       provider-name="NS Gold Sub">
  <requires>
    <import addon="xbmc.python" version="2.1.0"/>
	<import addon="script.module.requests" />
	<import addon="script.module.metahandler"/>
  </requires>
  <extension point="xbmc.python.pluginsource"
            library="default.py">
        <provides>video</provides>
  </extension>
  <extension point="xbmc.addon.metadata">
    <summary lang="en">NS Gold Sub</summary>
    <language>en</language>
    <description lang="en">NS Gold Sub Official Addon - Supplier of Great Quality and Stable Streams</description>
     <platform>all</platform>
  </extension>
</addon>
