<?xml version="1.0" encoding="UTF-8" standalone="yes"?>
<addon id="plugin.program.nswiz" name="NS Wizard" version="0.0.1" provider-name="encode">
  <requires>
    <import addon="xbmc.python" version="2.1.0"/>
  </requires>
  <extension point="xbmc.python.pluginsource" library="default.py">
    <provides>executable</provides>
  </extension>
  <extension point="xbmc.service" library="startup.py" start="startup" />
  <extension point="xbmc.addon.metadata">
    <summary lang="en">NS Wizard</summary>
    <description lang="en">NS Wizard for Natho's Subs.</description>
    <platform>all</platform>
  </extension>
</addon>