<?xml version="1.0" encoding="UTF-8" standalone="yes"?>
<addon id="plugin.video.kodiotb" name="OTB Kodi" version="1.0.0" provider-name="encode">
	<requires>
		<import addon="script.module.requests" version="2.27.1"/>
	</requires>
  <extension point="xbmc.python.pluginsource"
			library="default.py">
		<provides>video</provides>
  </extension>
  <extension point="xbmc.addon.metadata">
	<summary lang="en">Kodi 21 addon for OTB IPTV</summary>
	<language>en</language>
	<description lang="en">[COLOR red]This addon does not supply nor provide any illegal content[/COLOR]</description>
	<platform>all</platform>
	<assets>
		<icon>icon.png</icon>
		<fanart>fanart.jpg</fanart>
	</assets>
  </extension>
</addon>