<?xml version="1.1" encoding="UTF-8" standalone="yes"?>
<addon id="plugin.video.nathosubsvod"
       name="Natho VOD"
       version="2.4"
       provider-name="Team Natho">
  <requires>
    <import addon="xbmc.python" version="2.1.0"/>
	<import addon="script.module.requests" />
	<import addon="script.module.metahandler"/>
  </requires>
  <extension point="xbmc.python.pluginsource"
            library="default.py">
        <provides>video</provides>
  </extension>
  <extension point="xbmc.addon.metadata">
    <summary lang="en"></summary>
    <language>en</language>
    <description lang="en">Natho VOD - Supplier of Great Quality and Stable VOD Content</description>
     <platform>all</platform>
  </extension>
</addon>
