<?xml version="1.1" encoding="UTF-8" standalone="yes"?>
<addon id="plugin.video.nathofh"
       name="Natho FH"
       version="1.4"
       provider-name="Team Natho">
  <requires>
    <import addon="xbmc.python" version="3.0.0"/>
	<import addon="script.module.requests" />
	<import addon="script.module.metahandler"/>
  </requires>
  <extension point="xbmc.python.pluginsource"
            library="default.py">
        <provides>video</provides>
  </extension>
  <extension point="xbmc.addon.metadata">
    <summary lang="en">Natho FH</summary>
    <language>en</language>
    <description lang="en">Natho FH offering only the best in IPTV</description>
	<disclaimer>The author does not host or distribute any of the content displayed by this addon. The author does not have any affiliation with the content providers.</disclaimer>
    <platform>all</platform>
  </extension>
</addon>
