<?xml version="1.1" encoding="UTF-8" standalone="yes"?>
<addon id="plugin.video.nathoanova"
       name="Anova IPTV"
       version="4.7"
       provider-name="Team Natho">
  <requires>
    <import addon="xbmc.python" version="2.1.0"/>
	<import addon="script.module.requests" />
	<import addon="script.module.metahandler"/>
  </requires>
  <extension point="xbmc.python.pluginsource"
            library="default.py">
        <provides>video</provides>
  </extension>
  <extension point="xbmc.addon.metadata">
    <summary lang="en">Anova IPTV</summary>
    <language>en</language>
    <description lang="en">Anova IPTV Official Addon - Supplier of Great Quality and Stable Streams</description>
     <platform>all</platform>
  </extension>
</addon>
